patient,sample,lane,fastq_1,fastq_2
LAZB11,LAZB11,WGS,/project/passerinagenome/nminor1/thesis_project/data/raw_sequence_data/WGS/LAZB11_S11_L006_R1_001.fastq.gz,/project/passerinagenome/nminor1/thesis_project/data/raw_sequence_data/WGS/LAZB11_S11_L006_R2_001.fastq.gz
LAZB12,LAZB12,WGS,/project/passerinagenome/nminor1/thesis_project/data/raw_sequence_data/WGS/LAZB12_S12_L006_R1_001.fastq.gz,/project/passerinagenome/nminor1/thesis_project/data/raw_sequence_data/WGS/LAZB12_S12_L006_R2_001.fastq.gz
LAZB13,LAZB13,WGS,/project/passerinagenome/nminor1/thesis_project/data/raw_sequence_data/WGS/LAZB13_S13_L006_R1_001.fastq.gz,/project/passerinagenome/nminor1/thesis_project/data/raw_sequence_data/WGS/LAZB13_S13_L006_R2_001.fastq.gz
LAZB14,LAZB14,WGS,/project/passerinagenome/nminor1/thesis_project/data/raw_sequence_data/WGS/LAZB14_S14_L006_R1_001.fastq.gz,/project/passerinagenome/nminor1/thesis_project/data/raw_sequence_data/WGS/LAZB14_S14_L006_R2_001.fastq.gz
LAZB15,LAZB15,WGS,/project/passerinagenome/nminor1/thesis_project/data/raw_sequence_data/WGS/LAZB15_S15_L006_R1_001.fastq.gz,/project/passerinagenome/nminor1/thesis_project/data/raw_sequence_data/WGS/LAZB15_S15_L006_R2_001.fastq.gz
LAZB16,LAZB16,WGS,/project/passerinagenome/nminor1/thesis_project/data/raw_sequence_data/WGS/LAZB16_S16_L006_R1_001.fastq.gz,/project/passerinagenome/nminor1/thesis_project/data/raw_sequence_data/WGS/LAZB16_S16_L006_R2_001.fastq.gz
LAZB17,LAZB17,WGS,/project/passerinagenome/nminor1/thesis_project/data/raw_sequence_data/WGS/LAZB17_S17_L006_R1_001.fastq.gz,/project/passerinagenome/nminor1/thesis_project/data/raw_sequence_data/WGS/LAZB17_S17_L006_R2_001.fastq.gz
LAZB18,LAZB18,WGS,/project/passerinagenome/nminor1/thesis_project/data/raw_sequence_data/WGS/LAZB18_S18_L006_R1_001.fastq.gz,/project/passerinagenome/nminor1/thesis_project/data/raw_sequence_data/WGS/LAZB18_S18_L006_R2_001.fastq.gz
LAZB19,LAZB19,WGS,/project/passerinagenome/nminor1/thesis_project/data/raw_sequence_data/WGS/LAZB19_S19_L006_R1_001.fastq.gz,/project/passerinagenome/nminor1/thesis_project/data/raw_sequence_data/WGS/LAZB19_S19_L006_R2_001.fastq.gz
LAZB20,LAZB20,WGS,/project/passerinagenome/nminor1/thesis_project/data/raw_sequence_data/WGS/LAZB20_S20_L006_R1_001.fastq.gz,/project/passerinagenome/nminor1/thesis_project/data/raw_sequence_data/WGS/LAZB20_S20_L006_R2_001.fastq.gz
lmegna_LAZB1,lmegna_LAZB1,WGS,/project/passerinagenome/nminor1/thesis_project/data/raw_sequence_data/WGS/lmegna_LAZB1_trim_R1_pair_Phred30_Passerina_amoena_1213_GATTTAAGGGCC_L00M_.fastq.gz,/project/passerinagenome/nminor1/thesis_project/data/raw_sequence_data/WGS/lmegna_LAZB1_trim_R2_pair_Phred30_Passerina_amoena_1213_GATTTAAGGGCC_L00M_.fastq.gz
lmegna_LAZB2,lmegna_LAZB2,WGS,/project/passerinagenome/nminor1/thesis_project/data/raw_sequence_data/WGS/lmegna_LAZB2_trim_R1_pair_Phred30_Passerina_amoena_1216_CCCGATCAGTCC_L00M_.fastq.gz,/project/passerinagenome/nminor1/thesis_project/data/raw_sequence_data/WGS/lmegna_LAZB2_trim_R2_pair_Phred30_Passerina_amoena_1216_CCCGATCAGTCC_L00M_.fastq.gz
lmegna_LAZB3,lmegna_LAZB3,WGS,/project/passerinagenome/nminor1/thesis_project/data/raw_sequence_data/WGS/lmegna_LAZB3_trim_R1_pair_Phred30_Passerina_amoena_1217_CGGAGGAAGGCC_L00M_.fastq.gz,/project/passerinagenome/nminor1/thesis_project/data/raw_sequence_data/WGS/lmegna_LAZB3_trim_R2_pair_Phred30_Passerina_amoena_1217_CGGAGGAAGGCC_L00M_.fastq.gz
lmegna_LAZB4,lmegna_LAZB4,WGS,/project/passerinagenome/nminor1/thesis_project/data/raw_sequence_data/WGS/lmegna_LAZB4_trim_R1_pair_Phred30_Passerina_amoena_1220_CAACTCTAGTCC_L00M_.fastq.gz,/project/passerinagenome/nminor1/thesis_project/data/raw_sequence_data/WGS/lmegna_LAZB4_trim_R2_pair_Phred30_Passerina_amoena_1220_CAACTCTAGTCC_L00M_.fastq.gz
lmegna_LAZB5,lmegna_LAZB5,WGS,/project/passerinagenome/nminor1/thesis_project/data/raw_sequence_data/WGS/lmegna_LAZB5_trim_R1_pair_Phred30_Passerina_amoena_1226_TGTGTCATGTCC_L00M_.fastq.gz,/project/passerinagenome/nminor1/thesis_project/data/raw_sequence_data/WGS/lmegna_LAZB5_trim_R2_pair_Phred30_Passerina_amoena_1226_TGTGTCATGTCC_L00M_.fastq.gz
lmegna_LAZB6,lmegna_LAZB6,WGS,/project/passerinagenome/nminor1/thesis_project/data/raw_sequence_data/WGS/lmegna_LAZB6_trim_R1_pair_Phred30_Passerina_amoena_1231_CGCTCCTTCCTT_L00M_.fastq.gz,/project/passerinagenome/nminor1/thesis_project/data/raw_sequence_data/WGS/lmegna_LAZB6_trim_R2_pair_Phred30_Passerina_amoena_1231_CGCTCCTTCCTT_L00M_.fastq.gz
lmegna_LAZB8,lmegna_LAZB8,WGS,/project/passerinagenome/nminor1/thesis_project/data/raw_sequence_data/WGS/lmegna_LAZB8_trim_R1_pair_Phred30_Passerina_amoena_1234_CGCCTGATCCGG_L00M_.fastq.gz,/project/passerinagenome/nminor1/thesis_project/data/raw_sequence_data/WGS/lmegna_LAZB8_trim_R2_pair_Phred30_Passerina_amoena_1234_CGCCTGATCCGG_L00M_.fastq.gz
lmegna_LAZB9,lmegna_LAZB9,WGS,/project/passerinagenome/nminor1/thesis_project/data/raw_sequence_data/WGS/lmegna_LAZB9_trim_R1_pair_Phred30_Passerina_amoena_1235_AGAACTGACCTT_L00M_.fastq.gz,/project/passerinagenome/nminor1/thesis_project/data/raw_sequence_data/WGS/lmegna_LAZB9_trim_R2_pair_Phred30_Passerina_amoena_1235_AGAACTGACCTT_L00M_.fastq.gz
INBU4,INBU4,WGS,/project/passerinagenome/nminor1/thesis_project/data/raw_sequence_data/WGS/INBU4_S1_L006_R1_001.fastq.gz,/project/passerinagenome/nminor1/thesis_project/data/raw_sequence_data/WGS/INBU4_S1_L006_R2_001.fastq.gz
INBU5,INBU5,WGS,/project/passerinagenome/nminor1/thesis_project/data/raw_sequence_data/WGS/INBU5_S2_L006_R1_001.fastq.gz,/project/passerinagenome/nminor1/thesis_project/data/raw_sequence_data/WGS/INBU5_S2_L006_R2_001.fastq.gz
INBU6,INBU6,WGS,/project/passerinagenome/nminor1/thesis_project/data/raw_sequence_data/WGS/INBU6_S3_L006_R1_001.fastq.gz,/project/passerinagenome/nminor1/thesis_project/data/raw_sequence_data/WGS/INBU6_S3_L006_R2_001.fastq.gz
INBU7,INBU7,WGS,/project/passerinagenome/nminor1/thesis_project/data/raw_sequence_data/WGS/INBU7_S4_L006_R1_001.fastq.gz,/project/passerinagenome/nminor1/thesis_project/data/raw_sequence_data/WGS/INBU7_S4_L006_R2_001.fastq.gz
INBU8,INBU8,WGS,/project/passerinagenome/nminor1/thesis_project/data/raw_sequence_data/WGS/INBU8_S5_L006_R1_001.fastq.gz,/project/passerinagenome/nminor1/thesis_project/data/raw_sequence_data/WGS/INBU8_S5_L006_R2_001.fastq.gz
INBU9,INBU9,WGS,/project/passerinagenome/nminor1/thesis_project/data/raw_sequence_data/WGS/INBU9_S6_L006_R1_001.fastq.gz,/project/passerinagenome/nminor1/thesis_project/data/raw_sequence_data/WGS/INBU9_S6_L006_R2_001.fastq.gz
INBU10,INBU10,WGS,/project/passerinagenome/nminor1/thesis_project/data/raw_sequence_data/WGS/INBU10_S7_L006_R1_001.fastq.gz,/project/passerinagenome/nminor1/thesis_project/data/raw_sequence_data/WGS/INBU10_S7_L006_R2_001.fastq.gz
INBU13,INBU13,WGS,/project/passerinagenome/nminor1/thesis_project/data/raw_sequence_data/WGS/INBU13_S8_L006_R1_001.fastq.gz,/project/passerinagenome/nminor1/thesis_project/data/raw_sequence_data/WGS/INBU13_S8_L006_R2_001.fastq.gz
INBU18,INBU18,WGS,/project/passerinagenome/nminor1/thesis_project/data/raw_sequence_data/WGS/INBU18_S9_L006_R1_001.fastq.gz,/project/passerinagenome/nminor1/thesis_project/data/raw_sequence_data/WGS/INBU18_S9_L006_R2_001.fastq.gz
INBU20,INBU20,WGS,/project/passerinagenome/nminor1/thesis_project/data/raw_sequence_data/WGS/INBU20_S10_L006_R1_001.fastq.gz,/project/passerinagenome/nminor1/thesis_project/data/raw_sequence_data/WGS/INBU20_S10_L006_R2_001.fastq.gz
lmegna_INBU2,lmegna_INBU2,WGS,/project/passerinagenome/nminor1/thesis_project/data/raw_sequence_data/WGS/lmegna_INBU2_trim_R1_pair_Phred30_Passerina_cyanea_1123_ATGACGTTGTCC_L00M_.fastq.gz,/project/passerinagenome/nminor1/thesis_project/data/raw_sequence_data/WGS/lmegna_INBU2_trim_R2_pair_Phred30_Passerina_cyanea_1123_ATGACGTTGTCC_L00M_.fastq.gz
lmegna_INBU3,lmegna_INBU3,WGS,/project/passerinagenome/nminor1/thesis_project/data/raw_sequence_data/WGS/lmegna_INBU3_trim_R1_pair_Phred30_Passerina_cyanea_1124_TCGAGAGTCCGG_L00M_.fastq.gz,/project/passerinagenome/nminor1/thesis_project/data/raw_sequence_data/WGS/lmegna_INBU3_trim_R2_pair_Phred30_Passerina_cyanea_1124_TCGAGAGTCCGG_L00M_.fastq.gz
lmegna_INBU4,lmegna_INBU4,WGS,/project/passerinagenome/nminor1/thesis_project/data/raw_sequence_data/WGS/lmegna_INBU4_trim_R1_pair_Phred30_Passerina_cyanea_1126_ACGCTCTTCCGG_L00M_.fastq.gz,/project/passerinagenome/nminor1/thesis_project/data/raw_sequence_data/WGS/lmegna_INBU4_trim_R2_pair_Phred30_Passerina_cyanea_1126_ACGCTCTTCCGG_L00M_.fastq.gz
lmegna_INBU5,lmegna_INBU5,WGS,/project/passerinagenome/nminor1/thesis_project/data/raw_sequence_data/WGS/lmegna_INBU5_trim_R1_pair_Phred30_Passerina_cyanea_1127_GCGGAGATCCGG_L00M_.fastq.gz,/project/passerinagenome/nminor1/thesis_project/data/raw_sequence_data/WGS/lmegna_INBU5_trim_R2_pair_Phred30_Passerina_cyanea_1127_GCGGAGATCCGG_L00M_.fastq.gz
lmegna_INBU6,lmegna_INBU6,WGS,/project/passerinagenome/nminor1/thesis_project/data/raw_sequence_data/WGS/lmegna_INBU6_trim_R1_pair_Phred30_Passerina_cyanea_1129_TGATGCAACCGG_L00M_.fastq.gz,/project/passerinagenome/nminor1/thesis_project/data/raw_sequence_data/WGS/lmegna_INBU6_trim_R2_pair_Phred30_Passerina_cyanea_1129_TGATGCAACCGG_L00M_.fastq.gz
lmegna_INBU7,lmegna_INBU7,WGS,/project/passerinagenome/nminor1/thesis_project/data/raw_sequence_data/WGS/lmegna_INBU7_trim_R1_pair_Phred30_Passerina_cyanea_1130_TACCGGCGCCGG_L00M_.fastq.gz,/project/passerinagenome/nminor1/thesis_project/data/raw_sequence_data/WGS/lmegna_INBU7_trim_R2_pair_Phred30_Passerina_cyanea_1130_TACCGGCGCCGG_L00M_.fastq.gz
lmegna_INBU8,lmegna_INBU8,WGS,/project/passerinagenome/nminor1/thesis_project/data/raw_sequence_data/WGS/lmegna_INBU8_trim_R1_pair_Phred30_Passerina_cyanea_1131_ATGATCGGCCTT_L00M_.fastq.gz,/project/passerinagenome/nminor1/thesis_project/data/raw_sequence_data/WGS/lmegna_INBU8_trim_R2_pair_Phred30_Passerina_cyanea_1131_ATGATCGGCCTT_L00M_.fastq.gz
lmegna_INBU9,lmegna_INBU9,WGS,/project/passerinagenome/nminor1/thesis_project/data/raw_sequence_data/WGS/lmegna_INBU9_trim_R1_pair_Phred30_Passerina_cyanea_1132_AAATTAACCCTT_L00M_.fastq.gz,/project/passerinagenome/nminor1/thesis_project/data/raw_sequence_data/WGS/lmegna_INBU9_trim_R2_pair_Phred30_Passerina_cyanea_1132_AAATTAACCCTT_L00M_.fastq.gz
INBU01,INBU01,RAD,/project/passerinagenome/nminor1/thesis_project/data/processed_RAD_genomes/1_demultiplexed/demultiplexed_with_stacks/unfiltered_reads/INBU01.fq.gz,
INBU02,INBU02,RAD,/project/passerinagenome/nminor1/thesis_project/data/processed_RAD_genomes/1_demultiplexed/demultiplexed_with_stacks/unfiltered_reads/INBU02.fq.gz,
INBU03,INBU03,RAD,/project/passerinagenome/nminor1/thesis_project/data/processed_RAD_genomes/1_demultiplexed/demultiplexed_with_stacks/unfiltered_reads/INBU03.fq.gz,
INBU11,INBU11,RAD,/project/passerinagenome/nminor1/thesis_project/data/processed_RAD_genomes/1_demultiplexed/demultiplexed_with_stacks/unfiltered_reads/INBU11.fq.gz,
INBU12,INBU12,RAD,/project/passerinagenome/nminor1/thesis_project/data/processed_RAD_genomes/1_demultiplexed/demultiplexed_with_stacks/unfiltered_reads/INBU12.fq.gz,
INBU14,INBU14,RAD,/project/passerinagenome/nminor1/thesis_project/data/processed_RAD_genomes/1_demultiplexed/demultiplexed_with_stacks/unfiltered_reads/INBU14.fq.gz,
INBU15,INBU15,RAD,/project/passerinagenome/nminor1/thesis_project/data/processed_RAD_genomes/1_demultiplexed/demultiplexed_with_stacks/unfiltered_reads/INBU15.fq.gz,
INBU16,INBU16,RAD,/project/passerinagenome/nminor1/thesis_project/data/processed_RAD_genomes/1_demultiplexed/demultiplexed_with_stacks/unfiltered_reads/INBU16.fq.gz,
INBU17,INBU17,RAD,/project/passerinagenome/nminor1/thesis_project/data/processed_RAD_genomes/1_demultiplexed/demultiplexed_with_stacks/unfiltered_reads/INBU17.fq.gz,
INBU19,INBU19,RAD,/project/passerinagenome/nminor1/thesis_project/data/processed_RAD_genomes/1_demultiplexed/demultiplexed_with_stacks/unfiltered_reads/INBU19.fq.gz,
LAZB01,LAZB01,RAD,/project/passerinagenome/nminor1/thesis_project/data/processed_RAD_genomes/1_demultiplexed/demultiplexed_with_stacks/unfiltered_reads/LAZB01.fq.gz,
LAZB02,LAZB02,RAD,/project/passerinagenome/nminor1/thesis_project/data/processed_RAD_genomes/1_demultiplexed/demultiplexed_with_stacks/unfiltered_reads/LAZB02.fq.gz,
LAZB03,LAZB03,RAD,/project/passerinagenome/nminor1/thesis_project/data/processed_RAD_genomes/1_demultiplexed/demultiplexed_with_stacks/unfiltered_reads/LAZB03.fq.gz,
LAZB04,LAZB04,RAD,/project/passerinagenome/nminor1/thesis_project/data/processed_RAD_genomes/1_demultiplexed/demultiplexed_with_stacks/unfiltered_reads/LAZB04.fq.gz,
LAZB05,LAZB05,RAD,/project/passerinagenome/nminor1/thesis_project/data/processed_RAD_genomes/1_demultiplexed/demultiplexed_with_stacks/unfiltered_reads/LAZB05.fq.gz,
LAZB06,LAZB06,RAD,/project/passerinagenome/nminor1/thesis_project/data/processed_RAD_genomes/1_demultiplexed/demultiplexed_with_stacks/unfiltered_reads/LAZB06.fq.gz,
LAZB07,LAZB07,RAD,/project/passerinagenome/nminor1/thesis_project/data/processed_RAD_genomes/1_demultiplexed/demultiplexed_with_stacks/unfiltered_reads/LAZB07.fq.gz,
LAZB08,LAZB08,RAD,/project/passerinagenome/nminor1/thesis_project/data/processed_RAD_genomes/1_demultiplexed/demultiplexed_with_stacks/unfiltered_reads/LAZB08.fq.gz,
LAZB09,LAZB09,RAD,/project/passerinagenome/nminor1/thesis_project/data/processed_RAD_genomes/1_demultiplexed/demultiplexed_with_stacks/unfiltered_reads/LAZB09.fq.gz,
LAZB10,LAZB10,RAD,/project/passerinagenome/nminor1/thesis_project/data/processed_RAD_genomes/1_demultiplexed/demultiplexed_with_stacks/unfiltered_reads/LAZB10.fq.gz,
